№;Организация;Адрес;Очередь;Источник;Статус;Карточка RELYQO;Дата подтверждения;Участники;Обращения;Ответы;Решено потребителем;Проверка RU/UZ и устройства;Примечание
1;Hampton by Hilton Tashkent;Истикбол, 17;Старт;https://www.hilton.com/en/hotels/tastuhx-hampton-tashkent/;"Кандидат; участие не подтверждено";;;;;;;;
2;Bon! — Истикбол;Истикбол, 18;Старт;https://www.abnmbgroup.com/restaurants-boulangerie;"Кандидат; участие не подтверждено";;;;;;;;
3;Bon! — Шевченко;Тараса Шевченко, 30;Старт;https://www.abnmbgroup.com/restaurants-boulangerie;"Кандидат; участие не подтверждено";;;;;;;;
4;Irish Pub & Restaurant;Тараса Шевченко, 30;Старт;https://www.abnmbgroup.com/restaurants-boulangerie;"Кандидат; участие не подтверждено";;;;;;;;
5;Bon! — Фидокор;Фидокор, 40;Расширение;https://www.abnmbgroup.com/restaurants-boulangerie;"Кандидат; участие не подтверждено";;;;;;;;
6;Bon! — Чимкент;Чимкент, 21;Расширение;https://www.abnmbgroup.com/restaurants-boulangerie;"Кандидат; участие не подтверждено";;;;;;;;
7;Courtyard by Marriott Tashkent;Kichik Beshyogoch, 126;Резерв;https://www.marriott.com/en-us/hotels/tascy-courtyard-tashkent/overview/;"Кандидат; участие не подтверждено";;;;;;;;
8;Bella Napoli;Шота Руставели, 63;Резерв;https://www.abnmbgroup.com/restaurants-boulangerie;"Кандидат; участие не подтверждено";;;;;;;;
9;Afsona Tashkent City;Укчи, 4;Резерв;https://www.abnmbgroup.com/restaurants-boulangerie;"Кандидат; участие не подтверждено";;;;;;;;
10;Novikov Café;Укчи, 1А;Резерв;https://novikov-cafe.uz/;"Кандидат; участие не подтверждено";;;;;;;;
